Filename	Title	Year	Authors
10.txt	The King James Bible	2011.0	Unknown
101.txt	Hacker Crackdown	1994.0	Bruce Sterling
102.txt	The Tragedy of Pudd'nhead Wilson	1994.0	Mark Twain
103.txt	Around the World in 80 Days	2008.0	Jules Verne
104.txt	Franklin Delano Roosevelt's First Inaugural Address	2008.0	Franklin Delano Roosevelt
105.txt	Persuasion	2008.0	Jane Austen
106.txt	Jungle Tales of Tarzan	2008.0	Edgar Rice Burroughs
107.txt	Far from the Madding Crowd	1994.0	Thomas Hardy
108.txt	The Return of Sherlock Holmes	2007.0	Arthur Conan Doyle
109.txt	Renascence and Other Poems	2008.0	Edna St. Vincent Millay
11.txt	Alice's Adventures in Wonderland	1994.0	Lewis Carroll
110.txt	Tess of the d'Urbervilles	1994.0	Thomas Hardy
12.txt	Through the Looking-Glass	1991.0	Charles Dodgson
13.txt	The Hunting of the Snark	1992.0	Lewis Carroll
14.txt	The 1990 CIA World Factbook	0.0	United States.  Central Intelligence Agency
15.txt	Moby Dick	1991.0	Herman Melville
16.txt	Peter Pan	1991.0	James M. Barrie
17.txt	The Book Of Mormon	1992.0	Unknown
18.txt	The Federalist Papers	1991.0	Alexander Hamilton
19.txt	The Song Of Hiawatha	2007.0	Henry W. Longfellow
20.txt	Paradise Lost	1991.0	John Milton
21.txt	Aesop's Fables	1991.0	Aesop
22.txt	Roget's Thesaurus	1991.0	Peter Mark Roget
23.txt	The Narrative of the Life of Frederick Douglass	2006.0	Frederick Douglass
24.txt	O Pioneers!	1992.0	Willa Cather
25.txt	The 1991 CIA World Factbook	1992.0	United States.  Central Intelligence Agency.
26.txt	Paradise Lost	1992.0	John Milton
27.txt	Far from the Madding Crowd	1992.0	Thomas Hardy
28.txt	Aesop's Fables	1992.0	Aesop
29.txt	Census of Population and Housing, 1990	1992.0	United States Bureau of the Census
30.txt	The Bible, King James Version, Complete	1992.0	Unknown
31.txt	The Oedipus Trilogy	2006.0	Sophocles
32.txt	Herland	1992.0	Charlotte Perkins Stetson Gilman
33.txt	The Scarlet Letter	1992.0	Nathaniel Hawthorne
34.txt	Zen and the Art of the Internet	1992.0	Brendan P. Kehoe
35.txt	The Time Machine	2004.0	H. G. (Herbert George) Wells
37.txt	Census of Population and Housing, 1990 [2nd]	1992.0	United States Bureau of the Census
38.txt	The Jargon File, Version 2.9.10, 01 Jul 1992	1992.0	Unknown
39.txt	Hitchhiker's Guide to the Internet	1992.0	Ed Krol
41.txt	The Legend of Sleepy Hollow	1992.0	Washington Irving
42.txt	Dr. Jekyll and Mr. Hyde	1992.0	Robert Louis Stevenson
44.txt	Song of the Lark	1992.0	Willa Cather
45.txt	Anne of Green Gables	1992.0	Lucy Maud Montgomery
46.txt	A Christmas Carol	2004.0	Charles Dickens
47.txt	Anne Of Avonlea	2006.0	Lucy Maud Montgomery
48.txt	The 1992 CIA World Factbook	1993.0	United States.  Central Intelligence Agency.
49.txt	Surfing the Internet	1993.0	Jean Armour Polly
50.txt	Pi to 1,000,000 places	2008.0	Scott Hemphill
51.txt	Anne Of The Island	2006.0	Lucy Maud Montgomery
52.txt	The Square Root of 2	2008.0	Stan Kerr
53.txt	LOC Workshop on Electronic Texts	1993.0	Library of Congress
54.txt	The Marvellous Land of Oz	1993.0	L. Frank Baum
55.txt	The Wonderful Wizard of Oz	2008.0	L. Frank Baum
56.txt	NREN for All: Insurmountable Opportunity	1993.0	Jean Armour Polly
57.txt	Aladdin and the Magic Lamp	2008.0	Unknown
58.txt	Paradise Regained	2008.0	John Milton
60.txt	The Scarlet Pimpernel	2006.0	Baroness Orczy
61.txt	The Communist Manifesto	2005.0	Karl Marx;Friedrich Engels
62.txt	A Princess of Mars	2008.0	Edgar Rice Burroughs
63.txt	"The Number ""e"""	2008.0	Unknown
64.txt	The Gods of Mars	2008.0	Edgar Rice Burroughs
65.txt	The First 100,000 Prime Numbers	2008.0	Unknown
66.txt	The Dawn of Amateur Radio in the U.K. and Greece	2008.0	Norman F. Joly
67.txt	The Black Experience in America	2008.0	Norman Coombs
68.txt	Warlord of Mars	1993.0	Edgar Rice Burroughs
69.txt	The 32nd Mersenne Prime	2008.0	David Slowinski
71.txt	On the Duty of Civil Disobedience	2004.0	Henry David Thoreau
72.txt	Thuvia, Maid of Mars	1993.0	Edgar Rice Burroughs
73.txt	The Red Badge of Courage	2008.0	Stephen Crane
75.txt	Email 101	1993.0	John Goodwin
77.txt	The House of the Seven Gables	2008.0	Nathaniel Hawthorne
78.txt	Tarzan of the Apes	2008.0	Edgar Rice Burroughs
79.txt	Terminal Compromise	1993.0	Winn Schwartau
80.txt	The Online World	1993.0	Odd de Presno
81.txt	The Return of Tarzan	2008.0	Edgar Rice Burroughs
82.txt	Ivanhoe	1993.0	Walter Scott
83.txt	From the Earth to the Moon	1993.0	Jules Verne
85.txt	The Beasts of Tarzan	2008.0	Edgar Rice Burroughs
87.txt	The 1993 CIA World Factbook	1993.0	United States.  Central Intelligence Agency.
88.txt	Price/Cost Indexes from 1875 to 1989	2008.0	United States
90.txt	The Son of Tarzan	2008.0	Edgar Rice Burroughs
92.txt	Tarzan and the Jewels of Opar	1995.0	Edgar Rice Burroughs
94.txt	Alexander's Bridge and The Barrel Organ	2006.0	Willa Cather;Alfred Noyes
96.txt	The Monster Men	2008.0	Edgar Rice Burroughs
97.txt	Flatland	1994.0	Edwin A. Abbott
98.txt	A Tale of Two Cities	1994.0	Charles Dickens
99.txt	Collected Articles of Frederick Douglass	2008.0	Frederick Douglass
